question,answer,contexts,ground_truth,context_precision,context_recall,context_entity_recall,answer_relevancy,answer_similarity,answer_correctness,faithfulness,harmfulness,maliciousness,coherence,correctness,conciseness
What determines the entitlement of shareholders to receive dividends from a company's Board of Directors?,"The entitlement of shareholders to receive dividends from a company's Board of Directors is determined by the discretion of the Board. Specifically, holders of shares of Common Stock are entitled to receive dividends as may be declared from time to time by the Board of Directors, provided that such dividends are from funds legally available for that purpose.","['\n\nRestated Articles of Incorporation (the “Articles”) and Amended and Restated Bylaws (the “Bylaws”) and applicable California law. This description is qualified in its entirety by, and should be read in conjunction with, the Articles, Bylaws and applicable California law.\n\nAuthorized Capital Stock\n\nThe Company’s authorized capital stock consists of 50,400,000,000 shares of Common Stock.\n\nCommon Stock\n\nFully Paid and Nonassessable\n\nAll of the outstanding shares of the Company’s Common Stock are fully paid and nonassessable.\n\nVoting Rights\n\nThe holders of shares of Common Stock are entitled to one vote per share on all matters to be voted on by\n\nsuch holders. Holders of shares of Common Stock are not entitled to cumulative voting rights.\n\nExcept as described below or as required by law, all matters to be voted on by shareholders must be\n\napproved by the affirmative vote of (i) a majority of the shares present or represented by proxy and voting and (ii) a majority of the shares required to constitute a quorum.\n\nIn an election of directors where the number of nominees exceeds the number of directors to be elected, the\n\ncandidates receiving the highest number of affirmative votes of the shares entitled to be voted for them up to the number of directors to be elected by such shares will be elected.\n\nThe Company’s entire Board of Directors or any individual director may be removed without cause by an affirmative vote of a majority of the outstanding shares entitled to vote, subject to the provisions of the Company’s Bylaws.\n\nVacancies created by the removal of a director must be filled only by approval of the shareholders, or by the\n\nunanimous written consent of all shares entitled to vote. The shareholders may elect a director at any time to fill a vacancy not filled by the directors, but any such election by written consent, other than to fill a vacancy created by removal, requires the consent of a majority of the outstanding shares entitled to vote thereon.\n\nAn amendment of the Bylaws or the Articles may be adopted by the vote of the majority of the outstanding\n\nshares entitled to vote. Any amendment of the Bylaws specifying or changing a fixed number of directors or the maximum or minimum number or changing from a fixed to a variable board or vice versa may only be adopted by the shareholders; provided, however, that an amendment of the Bylaws or the Articles reducing the fixed number or the minimum number of directors to less than five cannot be adopted if the votes cast against its adoption are equal to more than 16 2/3% of the outstanding shares entitled to vote.\n\nAny shareholders’ meeting may be adjourned from time to time by the vote of a majority of the shares\n\npresent in person or represented by proxy.\n\nDividends\n\nThe holders of shares of Common Stock are entitled to receive such dividends, if any, as may be declared\n\nfrom time to time by the Company’s Board of Directors in its discretion from funds legally available therefor.\n\nRight to Receive Liquidation Distributions\n\nUpon liquidation, dissolution or winding-up, the holders of shares of Common Stock are entitled to receive\n\npro rata all assets remaining available for distribution to holders of such shares.\n\nNo Preemptive or Similar Rights\n\nCommon Stock has no preemptive or other subscription rights, and there are no conversion rights or\n\nredemption or sinking fund provisions with respect to such shares of Common Stock.\n\nAnti-Takeover Provisions of the Articles, Bylaws and California Law\n\nProvisions of the Articles and Bylaws may delay or discourage transactions involving an actual or potential change in control of the Company or change in its management, including transactions in which shareholders might otherwise receive a premium for their shares, or transactions that its shareholders might otherwise deem to be in their best interests. Among other things, the Articles and Bylaws:\n\n\n\nprovide that, except for a vacancy caused by the removal of a director as provided in the Bylaws, a vacancy on the Company’s Board of Directors may be filled by a person selected by a majority of the remaining directors then in office, whether or not less than a quorum, or by a sole remaining director;\n\n\n\nprovide that shareholders seeking to present proposals before a meeting of shareholders or to nominate candidates for election as directors at a meeting of shareholders must provide notice in writing in a timely manner, and also specify requirements as to the form and content of a shareholder’s notice, including with respect to a shareholder’s notice under Rule 14a-19 of the Exchange Act;\n\n\n\nprovide that a shareholder, or group of up to 20 shareholders, that has owned continuously for at least three']","The entitlement of shareholders to receive dividends from a company's Board of Directors is determined by the discretion of the Board of Directors, who may declare dividends from funds legally available for distribution to shareholders.",0.9999999999,1.0,0.7499999981250001,1.0000000000000004,0.9756075976394576,0.7439018994098644,1.0,0,0,1,1,1
What limitations do the covenants in the Indentures set forth for the Notes?,"The covenants in the Indentures set forth limitations that require compliance with specific obligations. However, if covenant defeasance is effected with respect to the Notes of any series, the issuer can be released from these obligations, and any omission to comply with such obligations will not constitute a default or an event of default concerning the Notes of that series. This means that the restrictive covenants can be bypassed under certain conditions, specifically when there is an irrevocable deposit made with the trustee that is deemed sufficient to cover the scheduled payments on the Notes. 

In summary, the limitations imposed by the covenants include the requirement to comply with certain obligations, but these can be waived under the conditions of covenant defeasance, which protects the issuer from default claims related to those obligations.","[' Notes matured on the applicable Par Call Date (not including any portion of such payments of interest accrued as of the date of redemption), discounted to the date of redemption on an annual basis (ACTUAL/ACTUAL (ICMA)) at the applicable Comparable Government Bond Rate (as defined below), plus 10 basis points in the case of the 0.000% 2025 Notes, plus 15 basis points in the case of the 0.875% 2025 Notes and the 2031 Notes, and 20 basis points in the case of the 2029 Notes.\n\n“Par Call Date” means (i) with respect to the 0.000% 2025 Notes, August 15, 2025 (three months prior to the\n\nmaturity date of the 0.000% 2025 Notes), (ii) with respect to the 0.875% 2025 Notes, February 24, 2025 (three months prior to the maturity date of the 0.875% 2025 Notes), (iii) with respect to the 1.375% 2029 Notes, February 24, 2029 (three months prior to the maturity date of 1.375% 2029 Notes) and (iv) with respect to the 2031 Notes, August 15, 2031 (three months prior to the maturity of the 2031 Notes).\n\nIf any of the 0.000% 2025 Notes, the 0.875% 2025 Notes, the 1.375% 2029 Notes or the 2031 Notes are\n\nredeemed on or after the applicable Par Call Date, the redemption price for such Notes will equal 100% of the principal amount of the Notes being redeemed.\n\nIn each case upon redemption of the Notes, we will pay accrued and unpaid interest on the principal amount\n\nbeing redeemed to, but excluding, the date of redemption.\n\n7\n\nInstallments of interest on Notes being redeemed that are due and payable on interest payment dates falling\n\non or prior to a redemption date shall be payable on the interest payment date to the holders as of the close of business on the relevant regular record date according to the Notes and the applicable Indenture.\n\n“Comparable Government Bond” means, in relation to any Comparable Government Bond Rate calculation\n\nfor the 2024 Notes, the 2026 Notes and the 2027 Notes, at the discretion of an independent investment bank selected by us, a German government bond whose maturity is closest to the maturity of the Notes being redeemed, or if such independent investment bank in its discretion determines that such similar bond is not in issue, such other German government bond as such independent investment bank may, with the advice of three brokers of, and/or market makers in, German government bonds selected by us, determine to be appropriate for determining the Comparable Government Bond Rate.\n\n“Comparable Government Bond” means, in relation to any Comparable Government Bond Rate calculation for the 3.050% 2029 Notes and the 2042 Notes, at the discretion of an independent investment bank selected by us, a United Kingdom government bond whose maturity is closest to the maturity of the Notes being redeemed, or if such independent investment bank in its discretion determines that such similar bond is not in issue, such other United Kingdom government bond as such independent investment bank may, with the advice of three brokers of, and/or market makers in, United Kingdom government bonds selected by us, determine to be appropriate for determining the Comparable Government Bond Rate.\n\n“Comparable Government Bond” means, in relation to any Comparable Government Bond Rate calculation for the 0.000% 2025 Notes, the 0.875% 2025 Notes, the 1.375% 2029 Notes and the 2031 Notes, at the discretion of an independent investment bank selected by us, a German government bond whose maturity is closest to the applicable Par Call Date of the Notes being redeemed, or if such independent investment bank in its discretion determines that such similar bond is not in issue, such other German government bond as such independent investment bank may, with the advice of three brokers of, and/or market makers in, German government bonds selected by us, determine to be appropriate for determining the Comparable Government Bond Rate.\n\n“Comparable Government Bond Rate” means the price, expressed as a percentage (rounded to three\n\ndecimal places, with 0.0005 being rounded upwards), at which the gross redemption yield on the Notes, if they were to be purchased at such price on the third business day prior to the date fixed for redemption, would be equal to the gross redemption yield on such business day of the Comparable Government Bond on the basis of the middle market price of the Comparable Government Bond prevailing at 11:00 a.m. (London time) on such business day as determined by an independent investment bank selected by us.\n\nCovenants\n\nThe Indentures set forth limited covenants that apply to the Notes. However, these covenants do not, among\n\nother things:\n\n\n\nlimit the amount of indebtedness or']",The answer to given question is not present in context,0.0,0.0,0.0,0.9325404286301652,0.7071645926199378,0.17679114815498445,0.125,0,0,1,1,1
How can design and manufacturing defects affect the Company's business and reputation?,"Design and manufacturing defects can materially adversely affect the Company's business and harm its reputation in several ways:

1. **Product Safety and Liability**: Defects in the Company's products can make them unsafe, potentially leading to environmental damage, property damage, or personal injury. This can expose the Company to product liability claims, which may result in significant financial losses and damage to its reputation.

2. **Customer Expectations**: The Company's products and services are complex and can experience defects that lead to outages, service slowdowns, or errors. If the products do not perform as expected, customer satisfaction can decline, harming the Company's reputation and potentially leading to decreased sales.

3. **Operational Disruptions**: Design and manufacturing defects can cause delays in product delivery, create inefficiencies in the supply and manufacturing chain, and result in slowdowns in service offerings. Such disruptions can lead to significant recovery time and costs, further impacting the Company's financial performance and reputation.

4. **Market Competitiveness**: In a highly competitive market, any perceived quality issues can result in a loss of consumer trust and demand, allowing competitors to gain an advantage. This can negatively impact the Company's market position and financial results.

Overall, the presence of design and manufacturing defects can lead to widespread technical and performance issues, resulting in financial repercussions and long-term damage to the Company's brand and market standing.","[' suppliers experience severe financial problems or other disruptions in their business, such continued supply can be reduced or terminated, and the recoverability of manufacturing process equipment or prepayments can be negatively impacted.\n\nFuture operating results depend upon the Company’s ability to obtain components in sufficient quantities on commercially reasonable terms.\n\nBecause the Company currently obtains certain components from single or limited sources, the Company is subject to significant supply and pricing risks. Many components, including those that are available from multiple sources, are at times subject to industry-wide shortages and significant commodity pricing fluctuations that can materially adversely affect the Company’s business, results of operations and financial condition. For example, the global semiconductor industry has in the past experienced high demand and shortages of supply, which adversely affected the Company’s ability to obtain sufficient quantities of components and products on commercially reasonable terms or at all. Such disruptions could occur in the future. While the Company has entered into agreements for the supply of many components, there can be no assurance the Company will be able to extend or renew these agreements on similar terms, or at all. Component suppliers may suffer from poor financial conditions, which can lead to business failure for the supplier or consolidation within a particular industry, further limiting the Company’s ability to obtain sufficient quantities of components on commercially reasonable terms or at all. The effects of global or regional economic conditions on the Company’s suppliers, described in “The Company’s operations and performance depend significantly on global and regional economic conditions and adverse economic conditions can materially adversely affect the Company’s business, results of operations and financial condition,” above, can also affect the Company’s ability to obtain components. Therefore, the Company remains subject to significant risks of supply shortages and price increases that can materially adversely affect its business, results of operations and financial condition.\n\nThe Company’s new products often utilize custom components available from only one source. When a component or product uses new technologies, initial capacity constraints may exist until the suppliers’ yields have matured or their manufacturing capacities have increased. The continued availability of these components at acceptable prices, or at all, can be affected for any number of reasons, including if suppliers decide to concentrate on the production of common components instead of components customized to meet the Company’s requirements. When the Company’s supply of components for a new or existing product has been delayed or constrained, or when an outsourcing partner has delayed shipments of completed products to the Company, the Company’s business, results of operations and financial condition have been adversely affected and future delays or constraints could materially adversely affect the Company’s business, results of operations and financial condition. The Company’s business and financial performance could also be materially adversely affected depending on the time required to obtain sufficient quantities from the source, or to identify and obtain sufficient quantities from an alternative source.\n\nThe Company’s products and services may be affected from time to time by design and manufacturing defects that could materially adversely affect the Company’s business and result in harm to the Company’s reputation.\n\nThe Company offers complex hardware and software products and services that can be affected by design and manufacturing defects. Sophisticated operating system software and applications, such as those offered by the Company, often have issues that can unexpectedly interfere with the intended operation of hardware or software products and services. Defects can also exist in components and products the Company purchases from third parties. Component defects could make the Company’s products unsafe and create a risk of environmental or property damage and personal injury. These risks may increase as the Company’s products are introduced into specialized applications, including health. In addition, the Company’s service offerings can have quality issues and from time to time experience outages, service slowdowns or errors. As a result, from time to time the Company’s services have not performed as anticipated and may not meet customer expectations. There can be no assurance the Company will be able to detect and fix all issues and defects in the hardware, software and services it offers. Failure to do so can result in widespread technical and performance issues affecting the Company’s products and services. In addition, the Company can be exposed to product liability claims, recalls, product replacements or modifications, write-offs of inventory, property, plant and equipment or intangible assets, and significant warranty and other expenses, including litigation costs and regulatory fines. Quality problems can also adversely affect the experience for users of the Company’s products and services, and result in harm to the Company’s reputation, loss of competitive advantage, poor market acceptance, reduced demand for products and services, delay in new product and service introductions and lost sales.\n\nApple Inc. | 2023 Form 10-K | 8\n\nThe Company is exposed to the risk of write-downs on the value of its inventory and other assets, in addition to purchase commitment cancellation risk.\n\nThe Company records a write-down for product and']","Design and manufacturing defects can materially adversely affect the Company's business and reputation. These defects can lead to harm to the Company's reputation, product liability claims, recalls, product replacements or modifications, write-offs of inventory, property, plant and equipment or intangible assets, significant warranty and other expenses, including litigation costs and regulatory fines. Quality problems can also result in poor market acceptance, reduced demand for products and services, delay in new product and service introductions, and lost sales.",0.9999999999,1.0,0.0,0.9823350658642881,0.9634942985498777,0.5221235746374694,1.0,1,0,1,1,1
What is the purpose of the Indenture in relation to the issuance of debt securities by Apple Inc.?,"The purpose of the Indenture in relation to the issuance of debt securities by Apple Inc. is to provide a legal framework under which the debt securities (Notes) are issued. The Indenture outlines the terms and conditions of the debt securities, including the rights of the holders, the obligations of Apple Inc., and the governance of the securities. Specifically, it allows for the issuance of debt securities in one or more series, does not limit the amount of debt securities that can be issued, and establishes the legal relationship between Apple Inc. and the trustee (The Bank of New York Mellon Trust Company, N.A.). The Indenture ensures that the issuance and management of the debt securities are conducted in accordance with the laws of the State of New York.","[' years shares of Common Stock representing an aggregate of at least 3% of the Company’s outstanding shares of Common Stock, may nominate and include in the Company’s proxy materials director nominees constituting up to 20% of the Company’s Board of Directors, provided that the shareholder(s) and nominee(s) satisfy the requirements in the Bylaws;\n\n\n\ndo not provide for cumulative voting rights for the election of directors; and\n\n\n\nprovide that special meetings of the shareholders may only be called by (i) the Board of Directors, the Chair of the Board of Directors or the Chief Executive Officer or (ii) one or more holders of shares entitled to cast not less than ten percent (10%) of the votes on the record date established pursuant to the Company’s Bylaws, provided that the shareholder(s) satisfy requirements in the Bylaws.\n\nIn addition, as a California corporation, the Company is subject to the provisions of Section 1203 of the\n\nCalifornia General Corporation Law, which requires it to provide a fairness opinion to its shareholders in connection with their consideration of any proposed “interested party” reorganization transaction.\n\nListing\n\nThe Company’s Common Stock is listed on The Nasdaq Stock Market LLC under the trading symbol\n\n“AAPL.”\n\n2\n\nDESCRIPTION OF DEBT SECURITIES\n\nThe following description of the Notes is a summary and does not purport to be complete. This description is\n\nqualified in its entirety by reference, as applicable, to the Indenture, dated as of April 29, 2013, between Apple Inc. and The Bank of New York Mellon Trust Company, N.A., as trustee (the “2013 Indenture”) and the Indenture, dated as of November 5, 2018, between Apple Inc. and The Bank of New York Mellon Trust Company, N.A., as trustee (the “2018 Indenture,” and together with the 2013 Indenture, the “Indentures”). References in this section to the “Company,” “us,” “we” and “our” are solely to Apple Inc. and not to any of its subsidiaries, unless the context requires otherwise.\n\nThe Notes\n\nEach of the Notes were issued under the applicable Indenture, which provides that debt securities may be\n\nissued under such Indenture from time to time in one or more series. The Indentures and the Notes are governed by, and construed in accordance with, the laws of the State of New York. The Indentures do not limit the amount of debt securities that we may issue thereunder. We may, without the consent of the holders of the debt securities of any series, issue additional debt securities ranking equally with, and otherwise similar in all respects to, the debt securities of the series (except for the date of issuance, the date interest begins to accrue and, in certain circumstances, the first interest payment date) so that those additional debt securities will be consolidated and form a single series with the debt securities of the series previously offered and sold; provided, however, that any additional debt securities will have a separate ISIN number unless certain conditions are met.\n\nThe 2024 Notes\n\nWe issued €1,000,000,000 aggregate principal amount of the 2024 Notes on September 17, 2015. The\n\nmaturity date of the 2024 Notes is January 17, 2024, and interest at a rate of 1.375% per annum is paid annually on January 17 of each year, beginning on January 17, 2016, and on the maturity date. As of October 20, 2023, €1,000,000,000 aggregate principal amount of the 2024 Notes was outstanding.\n\nThe 0.000% 2025 Notes\n\nWe issued €1,000,000,000 aggregate principal amount of the 0.000% 2025 Notes on November 15, 2019.\n\nThe maturity date of the 0.000% 2025 Notes is November 15, 2025, and interest at a rate of 0.000% per annum is paid annually on November 15 of each year, beginning on November 15, 2020, and on the maturity date. As of October 20, 2023, €1,000,000,000 aggregate principal amount of the 0.000% 2025 Notes was outstanding.\n\nThe 0.875% 2025 Notes\n\nWe issued €1,250,000,000 aggregate principal amount of the 0.875% 2025 Notes on May 24, 2017. The\n\nmaturity date of the 0.875% 2025 Notes is May 24, 2025, and interest at a rate of 0.875% per annum is paid annually on May 24 of each year, beginning on May 24, 2018, and on the maturity date. As of October 20, 2023, €1,250,000,000 aggregate principal amount']","The purpose of the Indenture in relation to the issuance of debt securities by Apple Inc. is to provide a framework for issuing debt securities under the applicable Indenture from time to time in one or more series. The Indentures and the Notes are governed by, and construed in accordance with, the laws of the State of New York. The Indentures do not limit the amount of debt securities that Apple Inc. may issue thereunder. Apple Inc. may issue additional debt securities ranking equally with, and otherwise similar in all respects to, the debt securities of the series without the consent of the holders of the debt securities of any series, so that those additional debt securities will be consolidated and form a single series with the debt securities of the series previously offered and sold.",0.9999999999,1.0,0.30769230745562126,1.0,0.985864711374904,0.246466177843726,0.875,0,0,1,1,1
How does the Company's investment in manufacturing process equipment impact its supply chain and production capabilities?,"The Company's investment in manufacturing process equipment significantly impacts its supply chain and production capabilities in several ways:

1. **Ensured Supply of Components**: By investing in manufacturing process equipment, much of which is held at certain outsourcing partners, the Company aims to secure a steady supply of components and finished goods. This investment helps mitigate risks associated with supply shortages and ensures that production can continue without significant interruptions.

2. **Long-term Agreements**: The Company has made prepayments to suppliers as part of long-term supply agreements. These arrangements are designed to stabilize the supply chain and provide a predictable flow of materials necessary for manufacturing.

3. **Risk of Disruption**: While these investments can enhance supply chain reliability, they also expose the Company to risks. If outsourcing partners or suppliers face severe financial difficulties or other disruptions, the continued supply of components could be jeopardized. This could lead to reduced production capabilities and potential delays in delivering products to customers.

4. **Dependency on Outsourcing Partners**: The Company relies heavily on single-source outsourcing partners for many components. This dependency can create vulnerabilities in the supply chain, as any issues affecting these partners (such as financial instability or operational disruptions) can have a direct negative impact on the Company's ability to manufacture and deliver products.

5. **Market Conditions**: The Company is subject to significant supply and pricing risks due to its reliance on limited sources for certain components. Market conditions, including shortages and commodity price fluctuations, can affect the availability and cost of materials, which in turn impacts production capabilities.

Overall, while the investment in manufacturing process equipment is intended to strengthen the supply chain and production capabilities, it also introduces risks that can affect the Company's operational efficiency and ability to meet market demands.","[' supplier relationships. In addition, some of the Company’s competitors have broader product lines, lower-priced products and a larger installed base of active devices. Competition has been particularly intense as competitors have aggressively cut prices and lowered product margins. Certain competitors have the resources, experience or cost structures to provide products at little or no profit or even at a loss. Some of the markets in which the Company competes have from time to time experienced little to no growth or contracted overall.\n\nAdditionally, the Company faces significant competition as competitors imitate the Company’s product features and applications within their products or collaborate to offer solutions that are more competitive than those they currently offer. The Company also expects competition to intensify as competitors imitate the Company’s approach to providing components seamlessly within their offerings or work collaboratively to offer integrated solutions.\n\nThe Company’s services also face substantial competition, including from companies that have significant resources and experience and have established service offerings with large customer bases. The Company competes with business models that provide content to users for free. The Company also competes with illegitimate means to obtain third-party digital content and applications.\n\nThe Company’s business, results of operations and financial condition depend substantially on the Company’s ability to continually improve its products and services to maintain their functional and design advantages. There can be no assurance the Company will be able to continue to provide products and services that compete effectively.\n\nBusiness Risks\n\nTo remain competitive and stimulate customer demand, the Company must successfully manage frequent introductions and transitions of products and services.\n\nDue to the highly volatile and competitive nature of the markets and industries in which the Company competes, the Company must continually introduce new products, services and technologies, enhance existing products and services, effectively stimulate customer demand for new and upgraded products and services, and successfully manage the transition to these new and upgraded products and services. The success of new product and service introductions depends on a number of factors, including timely and successful development, market acceptance, the Company’s ability to manage the risks associated with new technologies and production ramp-up issues, the availability of application software for the Company’s products, the effective management of purchase commitments and inventory levels in line with anticipated product demand, the availability of products in appropriate quantities and at expected costs to meet anticipated demand, and the risk that new products and services may have quality or other defects or deficiencies. There can be no assurance the Company will successfully manage future introductions and transitions of products and services.\n\nThe Company depends on component and product manufacturing and logistical services provided by outsourcing partners, many of which are located outside of the U.S.\n\nSubstantially all of the Company’s manufacturing is performed in whole or in part by outsourcing partners located primarily in China mainland, India, Japan, South Korea, Taiwan and Vietnam, and a significant concentration of this manufacturing is currently performed by a small number of outsourcing partners, often in single locations. Changes or additions to the Company’s supply chain require considerable time and resources and involve significant risks and uncertainties. The Company has also outsourced much of its transportation and logistics management. While these arrangements can lower operating costs, they also reduce the Company’s direct control over production and distribution. Such diminished control has from time to time and may in the future have an adverse effect on the quality or quantity of products manufactured or services provided, or adversely affect the Company’s flexibility to respond to changing conditions. Although arrangements with these partners may contain provisions for product defect expense reimbursement, the Company generally remains responsible to the consumer for warranty and out-of- warranty service in the event of product defects and experiences unanticipated product defect liabilities from time to time. While the Company relies on its partners to adhere to its supplier code of conduct, violations of the supplier code of conduct occur from time to time and can materially adversely affect the Company’s business, reputation, results of operations and financial condition.\n\nApple Inc. | 2023 Form 10-K | 7\n\nThe Company relies on single-source outsourcing partners in the U.S., Asia and Europe to supply and manufacture many components, and on outsourcing partners primarily located in Asia, for final assembly of substantially all of the Company’s hardware products. Any failure of these partners to perform can have a negative impact on the Company’s cost or supply of components or finished goods. In addition, manufacturing or logistics in these locations or transit to final destinations can be disrupted for a variety of reasons, including natural and man-made disasters, information technology system failures, commercial disputes, armed conflict, economic, business, labor, environmental, public health or political issues, or international trade disputes.\n\nThe Company has invested in manufacturing process equipment, much of which is held at certain of its outsourcing partners, and has made prepayments to certain of its suppliers associated with long-term supply agreements. While these arrangements help ensure the supply of components and finished goods, if these outsourcing partners or']",The answer to given question is not present in context,0.0,1.0,0.0,0.9855259833876363,0.6867090404824661,0.17167726012061651,0.5,0,0,1,1,1
"How might antitrust investigations affect Apple Inc.'s business and finances, including legal issues, fines, App Store changes, and relationships with tech companies?","Antitrust investigations could significantly affect Apple Inc.'s business and finances in several ways:

1. **Legal Issues and Fines**: Apple is currently subject to antitrust investigations in various jurisdictions, including Europe, related to its App Store terms and conditions. If these investigations lead to adverse findings, Apple could face substantial fines, which would adversely impact its financial condition.

2. **Changes to App Store Practices**: The outcome of these investigations may require Apple to modify its App Store business practices. This could include changes to how developers interact with consumers, what Apple charges developers for access to its platforms, and how it manages app distribution. Such changes could diminish Apple's revenue from the App Store, which is a significant source of income.

3. **Impact on Business Relationships**: Apple has commercial relationships with other technology companies that may also be involved in investigations. If these companies face adverse outcomes, it could negatively affect Apple's relationships with them and potentially impact revenue from licensing arrangements, such as those related to search services on its platforms.

4. **Reputation and Market Position**: Legal proceedings and changes to business practices due to compliance with new regulations could harm Apple's reputation, particularly concerning privacy and security. This could lead to a loss of competitive advantage, reduced demand for its products and services, and ultimately lost sales.

5. **Future Compliance Costs**: Apple may incur additional costs related to compliance with new laws and regulations stemming from these investigations. This could further strain its financial resources.

In summary, antitrust investigations pose risks that could lead to legal liabilities, financial penalties, operational changes, and reputational damage, all of which could materially adversely affect Apple's business and financial performance.","[' and legal and regulatory requirements. The Company expects to make further business changes in the future, including as a result of legislative initiatives impacting the App Store, such as the EU Digital Markets Act, which the Company is required to comply with by March 2024, or similar laws in other jurisdictions. Changes have included how developers communicate with consumers outside the App Store regarding alternative purchasing mechanisms. Future changes could also affect what the Company charges developers for access to its platforms, how it manages distribution of apps outside of the App Store, and how and to what extent it allows developers to communicate with consumers inside the App Store regarding alternative purchasing mechanisms.\n\nApple Inc. | 2023 Form 10-K | 13\n\nThe Company is also currently subject to antitrust investigations in various jurisdictions around the world, which can result in legal proceedings and claims against the Company that could, individually or in the aggregate, have a materially adverse impact on the Company’s business, results of operations and financial condition. For example, the Company is the subject of investigations in Europe and other jurisdictions relating to App Store terms and conditions. If such investigations result in adverse findings against the Company, the Company could be exposed to significant fines and may be required to make changes to its App Store business, all of which could materially adversely affect the Company’s business, results of operations and financial condition. The Company is also subject to litigation relating to the App Store, which has resulted in changes to the Company’s business practices, and may in the future result in further changes.\n\nFurther, the Company has commercial relationships with other companies in the technology industry that are or may become subject to investigations and litigation that, if resolved against those other companies, could materially adversely affect the Company’s commercial relationships with those business partners and materially adversely affect the Company’s business, results of operations and financial condition. For example, the Company earns revenue from licensing arrangements with other companies to offer their search services on the Company’s platforms and applications, and certain of these arrangements are currently subject to government investigations and legal proceedings.\n\nThere can be no assurance the Company’s business will not be materially adversely affected, individually or in the aggregate, by the outcomes of such investigations, litigation or changes to laws and regulations in the future. Changes to the Company’s business practices to comply with new laws and regulations or in connection with other legal proceedings could negatively impact the reputation of the Company’s products for privacy and security and otherwise adversely affect the experience for users of the Company’s products and services, and result in harm to the Company’s reputation, loss of competitive advantage, poor market acceptance, reduced demand for products and services, and lost sales.\n\nThe Company’s business is subject to a variety of U.S. and international laws, rules, policies and other obligations regarding data protection.\n\nThe Company is subject to an increasing number of federal, state and international laws relating to the collection, use, retention, security and transfer of various types of personal information. In many cases, these laws apply not only to third-party transactions, but also restrict transfers of personal information among the Company and its international subsidiaries. Several jurisdictions have passed laws in this area, and additional jurisdictions are considering imposing additional restrictions or have laws that are pending. These laws continue to develop and may be inconsistent from jurisdiction to jurisdiction. Complying with emerging and changing requirements causes the Company to incur substantial costs and has required and may in the future require the Company to change its business practices. Noncompliance could result in significant penalties or legal liability.\n\nThe Company makes statements about its use and disclosure of personal information through its privacy policy, information provided on its website, press statements and other privacy notices provided to customers. Any failure by the Company to comply with these public statements or with other federal, state or international privacy or data protection laws and regulations could result in inquiries or proceedings against the Company by governmental entities or others. In addition to reputational impacts, penalties could include ongoing audit requirements and significant legal liability.\n\nIn addition to the risks generally relating to the collection, use, retention, security and transfer of personal information, the Company is also subject to specific obligations relating to information considered sensitive under applicable laws, such as health data, financial data and biometric data. Health data and financial data are subject to additional privacy, security and breach notification requirements, and the Company is subject to audit by governmental authorities regarding the Company’s compliance with these obligations. If the Company fails to adequately comply with these rules and requirements, or if health data or financial data is handled in a manner not permitted by law or under the Company’s agreements with healthcare or financial institutions, the Company can be subject to litigation or government investigations, and can be liable for associated investigatory expenses, and can also incur significant fees or fines.\n\nPayment card data is also subject to additional requirements. Under payment card rules and obligations, if cardholder information is potentially compromised, the Company can be liable']","Antitrust investigations can result in legal proceedings and claims against Apple Inc. that could have a materially adverse impact on the company's business, results of operations, and financial condition. Adverse findings could lead to significant fines and required changes to the App Store business, potentially affecting the company's financials. Litigation relating to the App Store has already resulted in changes to Apple's business practices and may lead to further changes in the future. Commercial relationships with other tech companies could also be affected by investigations and litigation, potentially impacting Apple's business, results of operations, and financial condition.",0.9999999999,1.0,0.49999999949999996,0.9474954986027343,0.9703056893466391,0.7764747274214056,1.0,0,0,1,1,1
What is Ernst & Young LLP's role in the audit report on the Company's internal control over financial reporting and its connection to the management's assessment?,"Ernst & Young LLP's role in the audit report on the Company's internal control over financial reporting involves providing an independent assessment of the effectiveness of those controls. This assessment is connected to management's evaluation, which is conducted under the supervision of the Company's principal executive officer and principal financial officer. Management is responsible for the design and implementation of internal controls to ensure reliable financial reporting in accordance with U.S. generally accepted accounting principles (GAAP).

The audit report indicates that while management has assessed the effectiveness of these controls, there are inherent limitations in any internal control system, meaning that it may not prevent or detect all misstatements. Ernst & Young LLP's audit serves to provide reasonable assurance regarding the reliability of financial reporting and to evaluate the effectiveness of the controls in place, complementing management's assessment.","[' of the inherent limitations in all control systems, no evaluation of internal controls can provide absolute assurance that all control issues and instances of fraud, if any, have been detected. Also, any evaluation of the effectiveness of controls in future periods are subject to the risk that those internal controls may become inadequate because of changes in business conditions, or that the degree of compliance with the policies or procedures may deteriorate.\n\nManagement’s Annual Report on Internal Control over Financial Reporting\n\nThe Company’s management is responsible for establishing and maintaining adequate internal control over financial reporting (as defined in Rule 13a-15(f) under the Exchange Act). Management conducted an assessment of the effectiveness of the Company’s internal control over financial reporting based on the criteria set forth in Internal Control – Integrated Framework issued by the Committee of Sponsoring Organizations of the Treadway Commission (2013 framework). Based on the Company’s assessment, management has concluded that its internal control over financial reporting was effective as of September 30, 2023 to provide reasonable assurance regarding the reliability of financial reporting and the preparation of financial statements in accordance with GAAP. The Company’s independent registered public accounting firm, Ernst & Young LLP, has issued an audit report on the Company’s internal control over financial reporting, which appears in Part II, Item 8 of this Form 10-K.\n\nChanges in Internal Control over Financial Reporting\n\nThere were no changes in the Company’s internal control over financial reporting during the fourth quarter of 2023, which were identified in connection with management’s evaluation required by paragraph (d) of Rules 13a-15 and 15d-15 under the Exchange Act, that have materially affected, or are reasonably likely to materially affect, the Company’s internal control over financial reporting.\n\nApple Inc. | 2023 Form 10-K | 52\n\nItem 9B. Other Information\n\nInsider Trading Arrangements\n\nOn August 30, 2023, Deirdre O’Brien, the Company’s Senior Vice President, Retail, and Jeff Williams, the Company’s Chief Operating Officer, each entered into a trading plan intended to satisfy the affirmative defense conditions of Rule 10b5-1(c) under the Exchange Act. The plans provide for the sale of all shares vested during the duration of the plans pursuant to certain equity awards granted to Ms. O’Brien and Mr. Williams, respectively, excluding any shares withheld by the Company to satisfy income tax withholding and remittance obligations. Ms. O’Brien’s plan will expire on October 15, 2024, and Mr. Williams’ plan will expire on December 15, 2024, subject to early termination for certain specified events set forth in the plans.\n\nItem 9C. Disclosure Regarding Foreign Jurisdictions that Prevent Inspections\n\nNot applicable.\n\nPART III\n\nItem 10. Directors, Executive Officers and Corporate Governance\n\nThe information required by this Item will be included in the Company’s definitive proxy statement to be filed with the SEC within 120 days after September 30, 2023, in connection with the solicitation of proxies for the Company’s 2024 annual meeting of shareholders (the “2024 Proxy Statement”), and is incorporated herein by reference.\n\nItem 11. Executive Compensation\n\nThe information required by this Item will be included in the 2024 Proxy Statement, and is incorporated herein by reference.\n\nItem 12. Security Ownership of Certain Beneficial Owners and Management and Related Stockholder Matters\n\nThe information required by this Item will be included in the 2024 Proxy Statement, and is incorporated herein by reference.\n\nItem 13. Certain Relationships and Related Transactions, and Director Independence\n\nThe information required by this Item will be included in the 2024 Proxy Statement, and is incorporated herein by reference.\n\nItem 14. Principal Accountant Fees and Services\n\nThe information required by this Item will be included in the 2024 Proxy Statement, and is incorporated herein by reference.\n\nApple Inc. | 2023 Form 10-K | 53\n\nPART IV\n\nItem 15. Exhibit and Financial Statement Schedules\n\n(a) Documents filed as part of this report\n\n(1) All financial statements\n\nIndex to Consolidated Financial Statements\n\nPage\n\nConsolidated Statements of Operations for the years ended September 30, 2023, September 24, 2022 and\n\nSeptember 25, 2021\n\n28\n\nConsolidated Statements of Comprehensive Income for the years ended September 30, 2023, September 24,\n\n2022 and September 25, 2021\n\n29\n\nConsolidated Balance Sheets as of September 30, 2023 and September 24, 2022\n\n30\n\nConsolidated Statements of Shareholders’ Equity for the years ended September 30, 2023, September 24, 2022\n\nand September 25, 2021\n\n31\n\nConsolidated Statements of Cash Flows for the years']","Ernst & Young LLP issued an audit report on the Company's internal control over financial reporting, which appears in Part II, Item 8 of the Form 10-K. The audit report is connected to management's assessment of the effectiveness of the Company's internal control over financial reporting.",0.9999999999,1.0,0.24999999968749997,0.9801857774673813,0.9438882827568524,0.5359720706892132,0.4,0,0,1,1,1
"What risks do companies like Apple face in terms of data protection laws and regulations, considering antitrust investigations, legal proceedings, and changing laws?","Companies like Apple face significant risks related to data protection laws and regulations, particularly in the context of antitrust investigations, legal proceedings, and changing laws. These risks include:

1. **Complex and Changing Regulations**: Apple operates under a wide array of complex and evolving laws worldwide, including those related to privacy, data security, and data localization. Compliance with these regulations is costly and burdensome, and any changes could adversely affect Apple's business operations.

2. **Potential Liabilities and Costs**: Non-compliance or violations of these laws could lead to potential liabilities, increased costs, and other negative impacts on the company's business, including fines and legal fees.

3. **Impact on Business Operations**: New regulations can limit Apple's ability to offer certain products or services, require changes to product designs, and affect customer demand. This could necessitate adjustments to Apple's supply chain and business practices.

4. **Antitrust Investigations**: Apple is currently subject to antitrust investigations in various jurisdictions, particularly related to its App Store practices. Adverse findings could lead to significant fines and required changes to its business model, which could materially impact its operations and financial health.

5. **Legal Proceedings**: Ongoing litigation related to the App Store and other business practices could result in changes to how Apple operates, potentially harming its reputation and customer trust, particularly concerning privacy and security.

6. **International Compliance**: The company must navigate an increasing number of international laws concerning the handling of personal information, which can complicate operations and increase the risk of non-compliance.

7. **Uncertainty and Interpretation**: New and changing laws create uncertainty regarding how they will be interpreted and enforced, making it challenging for Apple to ensure compliance and mitigate risks effectively.

Overall, these factors contribute to a landscape where regulatory changes and legal challenges can significantly influence Apple's business strategy and market position.","[' and legal and regulatory requirements. The Company expects to make further business changes in the future, including as a result of legislative initiatives impacting the App Store, such as the EU Digital Markets Act, which the Company is required to comply with by March 2024, or similar laws in other jurisdictions. Changes have included how developers communicate with consumers outside the App Store regarding alternative purchasing mechanisms. Future changes could also affect what the Company charges developers for access to its platforms, how it manages distribution of apps outside of the App Store, and how and to what extent it allows developers to communicate with consumers inside the App Store regarding alternative purchasing mechanisms.\n\nApple Inc. | 2023 Form 10-K | 13\n\nThe Company is also currently subject to antitrust investigations in various jurisdictions around the world, which can result in legal proceedings and claims against the Company that could, individually or in the aggregate, have a materially adverse impact on the Company’s business, results of operations and financial condition. For example, the Company is the subject of investigations in Europe and other jurisdictions relating to App Store terms and conditions. If such investigations result in adverse findings against the Company, the Company could be exposed to significant fines and may be required to make changes to its App Store business, all of which could materially adversely affect the Company’s business, results of operations and financial condition. The Company is also subject to litigation relating to the App Store, which has resulted in changes to the Company’s business practices, and may in the future result in further changes.\n\nFurther, the Company has commercial relationships with other companies in the technology industry that are or may become subject to investigations and litigation that, if resolved against those other companies, could materially adversely affect the Company’s commercial relationships with those business partners and materially adversely affect the Company’s business, results of operations and financial condition. For example, the Company earns revenue from licensing arrangements with other companies to offer their search services on the Company’s platforms and applications, and certain of these arrangements are currently subject to government investigations and legal proceedings.\n\nThere can be no assurance the Company’s business will not be materially adversely affected, individually or in the aggregate, by the outcomes of such investigations, litigation or changes to laws and regulations in the future. Changes to the Company’s business practices to comply with new laws and regulations or in connection with other legal proceedings could negatively impact the reputation of the Company’s products for privacy and security and otherwise adversely affect the experience for users of the Company’s products and services, and result in harm to the Company’s reputation, loss of competitive advantage, poor market acceptance, reduced demand for products and services, and lost sales.\n\nThe Company’s business is subject to a variety of U.S. and international laws, rules, policies and other obligations regarding data protection.\n\nThe Company is subject to an increasing number of federal, state and international laws relating to the collection, use, retention, security and transfer of various types of personal information. In many cases, these laws apply not only to third-party transactions, but also restrict transfers of personal information among the Company and its international subsidiaries. Several jurisdictions have passed laws in this area, and additional jurisdictions are considering imposing additional restrictions or have laws that are pending. These laws continue to develop and may be inconsistent from jurisdiction to jurisdiction. Complying with emerging and changing requirements causes the Company to incur substantial costs and has required and may in the future require the Company to change its business practices. Noncompliance could result in significant penalties or legal liability.\n\nThe Company makes statements about its use and disclosure of personal information through its privacy policy, information provided on its website, press statements and other privacy notices provided to customers. Any failure by the Company to comply with these public statements or with other federal, state or international privacy or data protection laws and regulations could result in inquiries or proceedings against the Company by governmental entities or others. In addition to reputational impacts, penalties could include ongoing audit requirements and significant legal liability.\n\nIn addition to the risks generally relating to the collection, use, retention, security and transfer of personal information, the Company is also subject to specific obligations relating to information considered sensitive under applicable laws, such as health data, financial data and biometric data. Health data and financial data are subject to additional privacy, security and breach notification requirements, and the Company is subject to audit by governmental authorities regarding the Company’s compliance with these obligations. If the Company fails to adequately comply with these rules and requirements, or if health data or financial data is handled in a manner not permitted by law or under the Company’s agreements with healthcare or financial institutions, the Company can be subject to litigation or government investigations, and can be liable for associated investigatory expenses, and can also incur significant fees or fines.\n\nPayment card data is also subject to additional requirements. Under payment card rules and obligations, if cardholder information is potentially compromised, the Company can be liable']","Companies like Apple face risks related to data protection laws and regulations, including compliance costs, reputational impacts, penalties, legal liability, and audit requirements. These risks are exacerbated by antitrust investigations, legal proceedings, and changing laws, which can result in significant fines, required business changes, and adverse impacts on business operations, financial condition, and commercial relationships.",0.9999999999,1.0,0.0,0.9637164893107816,0.9624048865873458,0.8275577433859669,1.0,0,0,1,1,1
What are the various services offered by Apple Inc.?,"Apple Inc. offers a variety of services, including:

1. **Advertising**: This includes third-party licensing arrangements and Apple's own advertising platforms.

2. **AppleCare**: A portfolio of fee-based service and support products providing priority access to technical support, access to the global authorized service network for repairs, and additional coverage for accidental damage or theft, depending on the product and country.

3. **Cloud Services**: Services that store and keep customers' content up-to-date and available across multiple Apple devices and Windows personal computers.

4. **Digital Content**: Platforms like the App Store® for discovering and downloading applications and digital content such as books, music, video, games, and podcasts. This also includes subscription-based services like:
   - Apple Arcade® (game subscription service)
   - Apple Fitness+SM (personalized fitness service)
   - Apple Music® (curated listening experience with on-demand radio stations)
   - Apple News+® (subscription news and magazine service)
   - Apple TV+® (exclusive original content and live sports)

5. **Payment Services**: This includes Apple Card® (a co-branded credit card) and Apple Pay® (a cashless payment service).","['. Forward-looking statements are not guarantees of future performance and the Company’s actual results may differ significantly from the results discussed in the forward-looking statements. Factors that might cause such differences include, but are not limited to, those discussed in Part I, Item 1A of this Form 10-K under the heading “Risk Factors.” The Company assumes no obligation to revise or update any forward-looking statements for any reason, except as required by law.\n\nUnless otherwise stated, all information presented herein is based on the Company’s fiscal calendar, and references to particular years, quarters, months or periods refer to the Company’s fiscal years ended in September and the associated quarters, months and periods of those fiscal years. Each of the terms the “Company” and “Apple” as used herein refers collectively to Apple Inc. and its wholly owned subsidiaries, unless otherwise stated.\n\nPART I\n\nItem 1.\n\nBusiness\n\nCompany Background\n\nThe Company designs, manufactures and markets smartphones, personal computers, tablets, wearables and accessories, and sells a variety of related services. The Company’s fiscal year is the 52- or 53-week period that ends on the last Saturday of September.\n\nProducts\n\niPhone\n\niPhone® is the Company’s line of smartphones based on its iOS operating system. The iPhone line includes iPhone 15 Pro, iPhone 15, iPhone 14, iPhone 13 and iPhone SE®.\n\nMac\n\nMac® is the Company’s line of personal computers based on its macOS® operating system. The Mac line includes laptops MacBook Air® and MacBook Pro®, as well as desktops iMac®, Mac mini®, Mac Studio® and Mac Pro®.\n\niPad\n\niPad® is the Company’s line of multipurpose tablets based on its iPadOS® operating system. The iPad line includes iPad Pro®, iPad Air®, iPad and iPad mini®.\n\nWearables, Home and Accessories\n\nWearables includes smartwatches and wireless headphones. The Company’s line of smartwatches, based on its watchOS® operating system, includes Apple Watch Ultra™ 2, Apple Watch® Series 9 and Apple Watch SE®. The Company’s line of wireless headphones includes AirPods®, AirPods Pro®, AirPods Max™ and Beats® products.\n\nHome includes Apple TV®, the Company’s media streaming and gaming device based on its tvOS® operating system, and HomePod® and HomePod mini®, high-fidelity wireless smart speakers.\n\nAccessories includes Apple-branded and third-party accessories.\n\nApple Inc. | 2023 Form 10-K | 1\n\nServices\n\nAdvertising\n\nThe Company’s advertising services include third-party licensing arrangements and the Company’s own advertising platforms.\n\nAppleCare\n\nThe Company offers a portfolio of fee-based service and support products under the AppleCare® brand. The offerings provide priority access to Apple technical support, access to the global Apple authorized service network for repair and replacement services, and in many cases additional coverage for instances of accidental damage or theft and loss, depending on the country and type of product.\n\nCloud Services\n\nThe Company’s cloud services store and keep customers’ content up-to-date and available across multiple Apple devices and Windows personal computers.\n\nDigital Content\n\nThe Company operates various platforms, including the App Store®, that allow customers to discover and download applications and digital content, such as books, music, video, games and podcasts.\n\nThe Company also offers digital content through subscription-based services, including Apple Arcade®, a game subscription service; Apple Fitness+SM, a personalized fitness service; Apple Music®, which offers users a curated listening experience with on-demand radio stations; Apple News+®, a subscription news and magazine service; and Apple TV+®, which offers exclusive original content and live sports.\n\nPayment Services\n\nThe Company offers payment services, including Apple Card®, a co-branded credit card, and Apple Pay®, a cashless payment service.\n\nSegments\n\nThe Company manages its business primarily on a geographic basis. The Company’s reportable segments consist of the Americas, Europe, Greater China, Japan and Rest of Asia Pacific. Americas includes both North and South America. Europe includes European countries, as well as India, the Middle East and Africa. Greater China includes China mainland, Hong Kong and Taiwan. Rest of Asia Pacific includes Australia and those Asian countries not included in the Company’s other reportable segments. Although the reportable segments provide similar hardware and software products and similar services, each one is managed separately to better align with the location of the Company’s customers and distribution partners and the unique market dynamics of each geographic region.\n\nMarkets and Distribution\n\nThe Company’s customers are primarily in']","The various services offered by Apple Inc. include advertising services, AppleCare service and support products, cloud services, digital content platforms like the App Store, subscription-based services like Apple Arcade, Apple Fitness+, Apple Music, Apple News+, and Apple TV+, payment services like Apple Card and Apple Pay.",0.9999999999,1.0,0.5624999996484374,0.9738550486589995,0.9711837926876837,0.617795948171921,1.0,0,0,1,1,1
