question,answer,contexts,ground_truth,context_precision,context_recall,context_utilization,answer_relevancy,answer_similarity,answer_correctness,faithfulness,harmfulness,maliciousness,coherence,correctness,conciseness
How does Apple Inc. recognize revenue from the sale of its products and services?,"Apple Inc. recognizes revenue from the sale of its products and services when control of the products or services is transferred to its customers. Control is generally transferred when the company has a present right to payment, title, and the significant risks and rewards of ownership of the products or services.

For most of the company's product sales, control transfers when the products are shipped. In the case of services, control transfers over time as the services are delivered. Payment for products and services is typically collected shortly after the transfer of control or the commencement of service delivery.

In arrangements with multiple performance obligations, Apple allocates revenue based on the relative stand-alone selling prices (SSPs) of the distinct performance obligations. Revenue allocated to delivered hardware and bundled software is recognized when control has transferred, while revenue related to product-related bundled services and unspecified software upgrade rights is deferred and recognized over time.

For long-term service arrangements where the company has not yet delivered services, revenue is not recognized until the services are delivered. For third-party products where Apple obtains control before transferring them to customers, revenue is recognized based on the gross amount billed. However, for third-party applications sold through the App Store, Apple recognizes revenue on a net basis, accounting only for the commission it retains.","['Derivative Instruments\n\nThe Company presents derivative assets and liabilities at their gross fair values in the Consolidated Balance Sheets.\n\nIncome Taxes\n\nThe Company records certain deferred tax assets and liabilities in connection with the minimum tax on certain foreign earnings created by the Act.\n\nLeases\n\nThe Company combines and accounts for lease and nonlease components as a single lease component for leases of corporate, data center and retail facilities.\n\nApple Inc. | 2023 Form 10-K | 33\n\nNote 2 – Revenue\n\nThe Company recognizes revenue at the amount to which it expects to be entitled when control of the products or services is transferred to its customers. Control is generally transferred when the Company has a present right to payment and title and the significant risks and rewards of ownership of products or services are transferred to its customers. For most of the Company’s Products net sales, control transfers when products are shipped. For the Company’s Services net sales, control transfers over time as services are delivered. Payment for Products and Services net sales is collected within a short period following transfer of control or commencement of delivery of services, as applicable.\n\nThe Company records reductions to Products net sales related to future product returns, price protection and other customer incentive programs based on the Company’s expectations and historical experience.\n\nFor arrangements with multiple performance obligations, which represent promises within an arrangement that are distinct, the Company allocates revenue to all distinct performance obligations based on their relative stand-alone selling prices (“SSPs”). When available, the Company uses observable prices to determine SSPs. When observable prices are not available, SSPs are established that reflect the Company’s best estimates of what the selling prices of the performance obligations would be if they were sold regularly on a stand-alone basis. The Company’s process for estimating SSPs without observable prices considers multiple factors that may vary depending upon the unique facts and circumstances related to each performance obligation including, where applicable, prices charged by the Company for similar offerings, market trends in the pricing for similar offerings, product-specific business objectives and the estimated cost to provide the performance obligation.\n\nThe Company has identified up to three performance obligations regularly included in arrangements involving the sale of iPhone, Mac, iPad and certain other products. The first performance obligation, which represents the substantial portion of the allocated sales price, is the hardware and bundled software delivered at the time of sale. The second performance obligation is the right to receive certain product-related bundled services, which include iCloud®, Siri® and Maps. The third performance obligation is the right to receive, on a when-and-if-available basis, future unspecified software upgrades relating to the software bundled with each device. The Company allocates revenue and any related discounts to these performance obligations based on their relative SSPs. Because the Company lacks observable prices for the undelivered performance obligations, the allocation of revenue is based on the Company’s estimated SSPs. Revenue allocated to the delivered hardware and bundled software is recognized when control has transferred to the customer, which generally occurs when the product is shipped. Revenue allocated to the product-related bundled services and unspecified software upgrade rights is deferred and recognized on a straight-line basis over the estimated period they are expected to be provided.\n\nFor certain long-term service arrangements, the Company has performance obligations for services it has not yet delivered. For these arrangements, the Company does not have a right to bill for the undelivered services. The Company has determined that any unbilled consideration relates entirely to the value of the undelivered services. Accordingly, the Company has not recognized revenue, and does not disclose amounts, related to these undelivered services.\n\nFor the sale of third-party products where the Company obtains control of the product before transferring it to the customer, the Company recognizes revenue based on the gross amount billed to customers. The Company considers multiple factors when determining whether it obtains control of third-party products, including evaluating if it can establish the price of the product, retains inventory risk for tangible products or has the responsibility for ensuring acceptability of the product. For third-party applications sold through the App Store, the Company does not obtain control of the product before transferring it to the customer. Therefore, the Company accounts for all third-party application–related sales on a net basis by recognizing in Services net sales only the commission it retains.\n\nApple Inc. | 2023 Form 10-K | 34\n\nNet sales disaggregated by significant products and services for 2023, 2022 and 2021 were as follows (in millions):\n\n2023\n\n2022\n\n2021\n\niPhone (1) Mac (1) iPad (1) Wearables, Home and Accessories (1) Services (2)\n\n$\n\n200,583 $\n\n29,357\n\n28,300\n\n39,845\n\n85,200\n\n205,489']","Apple Inc. recognizes revenue from the sale of its products and services by transferring control of the products or services to customers. Control is generally transferred when the company has a present right to payment, title, and the significant risks and rewards of ownership of products or services are transferred to customers. For most products, control transfers when products are shipped, while for services, control transfers over time as services are delivered. Payment for products and services is collected shortly after transfer of control or commencement of delivery. The company also records reductions to product net sales related to future product returns, price protection, and other customer incentive programs based on expectations and historical experience. Revenue is allocated to distinct performance obligations based on their relative stand-alone selling prices, with revenue recognized when control has transferred to the customer. Revenue allocated to product-related bundled services and unspecified software upgrade rights is deferred and recognized on a straight-line basis over the estimated period they are expected to be provided.",0.9999999999,1.0,0.9999999999,0.9999991251450105,0.9730607665108899,0.8432651916277225,1.0,0,0,1,1,1
"What are some of the challenges the Company faces in its supply chain, particularly in terms of component availability and pricing fluctuations?","The Company faces several challenges in its supply chain, particularly regarding component availability and pricing fluctuations:

1. **Single-source Suppliers**: The Company relies on single-source outsourcing partners for many components, which exposes it to significant supply risks. If these partners fail to perform, it can negatively impact the cost or availability of components and finished goods.

2. **Geopolitical and Economic Disruptions**: Manufacturing and logistics can be disrupted due to various factors, including natural disasters, political issues, armed conflicts, and international trade disputes. Such disruptions can affect the supply chain's efficiency and reliability.

3. **Financial Stability of Suppliers**: The Company has invested in manufacturing process equipment and made prepayments to suppliers. However, if these suppliers experience financial difficulties or other disruptions, the supply of components may be reduced or terminated, impacting the Company's operations.

4. **Industry-wide Shortages**: The Company is subject to industry-wide shortages of components, particularly in the semiconductor sector, which has historically faced high demand and supply shortages. This can hinder the Company's ability to obtain necessary components on commercially reasonable terms.

5. **Pricing Fluctuations**: The Company is exposed to significant pricing risks due to reliance on limited sources for certain components. Commodity pricing fluctuations can materially affect the Company's business and financial condition.

6. **Custom Components**: The Company's new products often utilize custom components available from only one source. Initial capacity constraints may arise when new technologies are introduced, affecting the availability and pricing of these components.

7. **Supplier Concentration**: The reliance on suppliers that may prioritize the production of more common components over the Company's specific needs can lead to delays and constraints in obtaining necessary components.

Overall, these challenges can materially adversely affect the Company's business, results of operations, and financial condition.","[' the consumer, small and mid-sized business, education, enterprise and government markets. The Company sells its products and resells third-party products in most of its major markets directly to customers through its retail and online stores and its direct sales force. The Company also employs a variety of indirect distribution channels, such as third-party cellular network carriers, wholesalers, retailers and resellers. During 2023, the Company’s net sales through its direct and indirect distribution channels accounted for 37% and 63%, respectively, of total net sales.\n\nCompetition\n\nThe markets for the Company’s products and services are highly competitive, and are characterized by aggressive price competition and resulting downward pressure on gross margins, frequent introduction of new products and services, short product life cycles, evolving industry standards, continual improvement in product price and performance characteristics, rapid adoption of technological advancements by competitors, and price sensitivity on the part of consumers and businesses. Many of the Company’s competitors seek to compete primarily through aggressive pricing and very low cost structures, and by imitating the Company’s products and infringing on its intellectual property.\n\nApple Inc. | 2023 Form 10-K | 2\n\nThe Company’s ability to compete successfully depends heavily on ensuring the continuing and timely introduction of innovative new products, services and technologies to the marketplace. The Company designs and develops nearly the entire solution for its products, including the hardware, operating system, numerous software applications and related services. Principal competitive factors important to the Company include price, product and service features (including security features), relative price and performance, product and service quality and reliability, design innovation, a strong third-party software and accessories ecosystem, marketing and distribution capability, service and support, and corporate reputation.\n\nThe Company is focused on expanding its market opportunities related to smartphones, personal computers, tablets, wearables and accessories, and services. The Company faces substantial competition in these markets from companies that have significant technical, marketing, distribution and other resources, as well as established hardware, software, and service offerings with large customer bases. In addition, some of the Company’s competitors have broader product lines, lower-priced products and a larger installed base of active devices. Competition has been particularly intense as competitors have aggressively cut prices and lowered product margins. Certain competitors have the resources, experience or cost structures to provide products at little or no profit or even at a loss. The Company’s services compete with business models that provide content to users for free and use illegitimate means to obtain third-party digital content and applications. The Company faces significant competition as competitors imitate the Company’s product features and applications within their products, or collaborate to offer integrated solutions that are more competitive than those they currently offer.\n\nSupply of Components\n\nAlthough most components essential to the Company’s business are generally available from multiple sources, certain components are currently obtained from single or limited sources. The Company also competes for various components with other participants in the markets for smartphones, personal computers, tablets, wearables and accessories. Therefore, many components used by the Company, including those that are available from multiple sources, are at times subject to industry-wide shortage and significant commodity pricing fluctuations.\n\nThe Company uses some custom components that are not commonly used by its competitors, and new products introduced by the Company often utilize custom components available from only one source. When a component or product uses new technologies, initial capacity constraints may exist until the suppliers’ yields have matured or their manufacturing capacities have increased. The continued availability of these components at acceptable prices, or at all, may be affected if suppliers decide to concentrate on the production of common components instead of components customized to meet the Company’s requirements.\n\nThe Company has entered into agreements for the supply of many components; however, there can be no guarantee that the Company will be able to extend or renew these agreements on similar terms, or at all.\n\nResearch and Development\n\nBecause the industries in which the Company competes are characterized by rapid technological advances, the Company’s ability to compete successfully depends heavily upon its ability to ensure a continual and timely flow of competitive products, services and technologies to the marketplace. The Company continues to develop new technologies to enhance existing products and services, and to expand the range of its offerings through research and development (“R&D”), licensing of intellectual property and acquisition of third-party businesses and technology.\n\nIntellectual Property\n\nThe Company currently holds a broad collection of intellectual property rights relating to certain aspects of its hardware devices, accessories, software and services. This includes patents, designs, copyrights, trademarks and other forms of intellectual property rights in the U.S. and various foreign countries. Although the Company believes the ownership of such intellectual property rights is an important factor in differentiating its business and that its success does depend in part on such ownership, the Company relies primarily on the innovative skills, technical competence and marketing abilities of its personnel.\n\n']","The Company faces challenges in its supply chain due to the availability of certain components from single or limited sources, competition for components with other market participants, industry-wide shortages, and significant commodity pricing fluctuations. Additionally, the Company uses custom components not commonly used by competitors, which may be available from only one source, leading to initial capacity constraints and potential supply issues. The continued availability of components at acceptable prices may be affected if suppliers prioritize common components over those customized for the Company.",0.9999999999,1.0,0.9999999999,0.9526219454168613,0.9493613999373054,0.583499824931403,0.9375,0,0,1,1,1
How is the redemption price calculated for the Notes being redeemed?,"The redemption price for the Notes being redeemed is calculated as the greater of the following two amounts:

1. **100% of the principal amount** of the Notes to be redeemed; or
2. The sum of the present values of the remaining scheduled payments of principal and interest (not including any portion of such payments of interest accrued as of the date of redemption), discounted to the date of redemption on an annual basis (ACTUAL/ACTUAL (ICMA)) at the applicable Comparable Government Bond Rate, plus:
   - 10 basis points for the 2026 Notes,
   - 15 basis points for the 2024 Notes, the 3.050% 2029 Notes, and the 2042 Notes,
   - 20 basis points for the 2027 Notes.

For certain Notes (0.000% 2025 Notes, 0.875% 2025 Notes, 1.375% 2029 Notes, and 2031 Notes), if redeemed on or after the applicable Par Call Date, the redemption price will equal 100% of the principal amount of the Notes being redeemed. 

In all cases, accrued and unpaid interest on the principal amount being redeemed will be paid up to, but excluding, the date of redemption.","[' Notes matured on the applicable Par Call Date (not including any portion of such payments of interest accrued as of the date of redemption), discounted to the date of redemption on an annual basis (ACTUAL/ACTUAL (ICMA)) at the applicable Comparable Government Bond Rate (as defined below), plus 10 basis points in the case of the 0.000% 2025 Notes, plus 15 basis points in the case of the 0.875% 2025 Notes and the 2031 Notes, and 20 basis points in the case of the 2029 Notes.\n\n“Par Call Date” means (i) with respect to the 0.000% 2025 Notes, August 15, 2025 (three months prior to the\n\nmaturity date of the 0.000% 2025 Notes), (ii) with respect to the 0.875% 2025 Notes, February 24, 2025 (three months prior to the maturity date of the 0.875% 2025 Notes), (iii) with respect to the 1.375% 2029 Notes, February 24, 2029 (three months prior to the maturity date of 1.375% 2029 Notes) and (iv) with respect to the 2031 Notes, August 15, 2031 (three months prior to the maturity of the 2031 Notes).\n\nIf any of the 0.000% 2025 Notes, the 0.875% 2025 Notes, the 1.375% 2029 Notes or the 2031 Notes are\n\nredeemed on or after the applicable Par Call Date, the redemption price for such Notes will equal 100% of the principal amount of the Notes being redeemed.\n\nIn each case upon redemption of the Notes, we will pay accrued and unpaid interest on the principal amount\n\nbeing redeemed to, but excluding, the date of redemption.\n\n7\n\nInstallments of interest on Notes being redeemed that are due and payable on interest payment dates falling\n\non or prior to a redemption date shall be payable on the interest payment date to the holders as of the close of business on the relevant regular record date according to the Notes and the applicable Indenture.\n\n“Comparable Government Bond” means, in relation to any Comparable Government Bond Rate calculation\n\nfor the 2024 Notes, the 2026 Notes and the 2027 Notes, at the discretion of an independent investment bank selected by us, a German government bond whose maturity is closest to the maturity of the Notes being redeemed, or if such independent investment bank in its discretion determines that such similar bond is not in issue, such other German government bond as such independent investment bank may, with the advice of three brokers of, and/or market makers in, German government bonds selected by us, determine to be appropriate for determining the Comparable Government Bond Rate.\n\n“Comparable Government Bond” means, in relation to any Comparable Government Bond Rate calculation for the 3.050% 2029 Notes and the 2042 Notes, at the discretion of an independent investment bank selected by us, a United Kingdom government bond whose maturity is closest to the maturity of the Notes being redeemed, or if such independent investment bank in its discretion determines that such similar bond is not in issue, such other United Kingdom government bond as such independent investment bank may, with the advice of three brokers of, and/or market makers in, United Kingdom government bonds selected by us, determine to be appropriate for determining the Comparable Government Bond Rate.\n\n“Comparable Government Bond” means, in relation to any Comparable Government Bond Rate calculation for the 0.000% 2025 Notes, the 0.875% 2025 Notes, the 1.375% 2029 Notes and the 2031 Notes, at the discretion of an independent investment bank selected by us, a German government bond whose maturity is closest to the applicable Par Call Date of the Notes being redeemed, or if such independent investment bank in its discretion determines that such similar bond is not in issue, such other German government bond as such independent investment bank may, with the advice of three brokers of, and/or market makers in, German government bonds selected by us, determine to be appropriate for determining the Comparable Government Bond Rate.\n\n“Comparable Government Bond Rate” means the price, expressed as a percentage (rounded to three\n\ndecimal places, with 0.0005 being rounded upwards), at which the gross redemption yield on the Notes, if they were to be purchased at such price on the third business day prior to the date fixed for redemption, would be equal to the gross redemption yield on such business day of the Comparable Government Bond on the basis of the middle market price of the Comparable Government Bond prevailing at 11:00 a.m. (London time) on such business day as determined by an independent investment bank selected by us.\n\nCovenants\n\nThe Indentures set forth limited covenants that apply to the Notes. However, these covenants do not, among\n\nother things:\n\n\n\nlimit the amount of indebtedness or']","The redemption price for the Notes being redeemed is calculated based on the Notes matured on the applicable Par Call Date, discounted to the date of redemption on an annual basis (ACTUAL/ACTUAL (ICMA)) at the applicable Comparable Government Bond Rate, plus a specific number of basis points depending on the type of Notes. If the Notes are redeemed on or after the applicable Par Call Date, the redemption price will equal 100% of the principal amount of the Notes being redeemed. Additionally, accrued and unpaid interest on the principal amount being redeemed will be paid up to, but excluding, the date of redemption.",0.9999999999,1.0,0.9999999999,0.9773718621047527,0.9709403941823902,0.6177350985455976,0.6666666666666666,0,0,1,1,1
What responsibilities do the Registrant's certifying officers have in relation to disclosure controls and procedures and internal control over financial reporting?,"The Registrant's certifying officers have the following responsibilities in relation to disclosure controls and procedures and internal control over financial reporting:

1. **Disclosure of Significant Deficiencies and Material Weaknesses**: The certifying officers must disclose to the Registrant's auditors and the audit committee any significant deficiencies and material weaknesses in the design or operation of internal control over financial reporting that are reasonably likely to adversely affect the Registrant's ability to record, process, summarize, and report financial information.

2. **Disclosure of Fraud**: They are also responsible for disclosing any fraud, whether material or not, that involves management or other employees who have a significant role in the Registrant's internal control over financial reporting.

3. **Evaluation of Controls**: The certifying officers are involved in evaluating the effectiveness of the Company's disclosure controls and procedures. They concluded that these controls were effective as of September 30, 2023, providing reasonable assurance that required information is recorded, processed, summarized, and reported within specified time periods, and that it is accumulated and communicated to management appropriately for timely decision-making regarding disclosures.

4. **Internal Control Design**: They oversee the design of internal controls to provide reasonable assurance regarding the reliability of financial reporting and the preparation of financial statements in accordance with GAAP. This includes maintaining accurate records, ensuring transactions are recorded properly, and preventing unauthorized use or disposition of Company assets.

5. **Limitations of Controls**: The certifying officers acknowledge that internal controls cannot prevent or detect all errors and fraud, and that their effectiveness is subject to inherent limitations, including resource constraints and the need to balance the costs and benefits of controls.

These responsibilities ensure that the financial reporting processes are transparent, reliable, and compliant with applicable regulations.","[' knowledge, the financial statements, and other financial information included in this report, fairly present in all material respects the financial condition, results of operations and cash flows of the Registrant as of, and for, the periods presented in this report;\n\n4. The Registrant’s other certifying officer(s) and I are responsible for establishing and maintaining disclosure controls and procedures (as defined in Exchange Act Rules 13a-15(e) and 15d-15(e)) and internal control over financial reporting (as defined in Exchange Act Rules 13a-15(f) and 15d-15(f)) for the Registrant and have:\n\n(a) Designed such disclosure controls and procedures, or caused such disclosure controls and procedures to be designed under our supervision, to ensure that material information relating to the Registrant, including its consolidated subsidiaries, is made known to us by others within those entities, particularly during the period in which this report is being prepared;\n\n(b) Designed such internal control over financial reporting, or caused such internal control over financial reporting to be designed under our supervision, to provide reasonable assurance regarding the reliability of financial reporting and the preparation of financial statements for external purposes in accordance with generally accepted accounting principles;\n\n(c) Evaluated the effectiveness of the Registrant’s disclosure controls and procedures and presented in this report our conclusions about the effectiveness of the disclosure controls and procedures, as of the end of the period covered by this report based on such evaluation; and\n\n(d) Disclosed in this report any change in the Registrant’s internal control over financial reporting that occurred during the Registrant’s most recent fiscal quarter (the Registrant’s fourth fiscal quarter in the case of an annual report) that has materially affected, or is reasonably likely to materially affect, the Registrant’s internal control over financial reporting; and\n\n5. The Registrant’s other certifying officer(s) and I have disclosed, based on our most recent evaluation of internal control over financial reporting, to the Registrant’s auditors and the audit committee of the Registrant’s board of directors (or persons performing the equivalent functions):\n\n(a) All significant deficiencies and material weaknesses in the design or operation of internal control over financial reporting which are reasonably likely to adversely affect the Registrant’s ability to record, process, summarize and report financial information; and\n\n(b) Any fraud, whether or not material, that involves management or other employees who have a significant role\n\nin the Registrant’s internal control over financial reporting.\n\nDate: November 2, 2023\n\nBy:\n\n/s/ Timothy D. Cook\n\nTimothy D. Cook\n\nChief Executive Officer\n\nExhibit 31.2\n\nCERTIFICATION\n\nI, Luca Maestri, certify that:\n\n1.\n\nI have reviewed this annual report on Form 10-K of Apple Inc.;\n\n2. Based on my knowledge, this report does not contain any untrue statement of a material fact or omit to state a material fact necessary to make the statements made, in light of the circumstances under which such statements were made, not misleading with respect to the period covered by this report;\n\n3. Based on my knowledge, the financial statements, and other financial information included in this report, fairly present in all material respects the financial condition, results of operations and cash flows of the Registrant as of, and for, the periods presented in this report;\n\n4. The Registrant’s other certifying officer(s) and I are responsible for establishing and maintaining disclosure controls and procedures (as defined in Exchange Act Rules 13a-15(e) and 15d-15(e)) and internal control over financial reporting (as defined in Exchange Act Rules 13a-15(f) and 15d-15(f)) for the Registrant and have:\n\n(a) Designed such disclosure controls and procedures, or caused such disclosure controls and procedures to be designed under our supervision, to ensure that material information relating to the Registrant, including its consolidated subsidiaries, is made known to us by others within those entities, particularly during the period in which this report is being prepared;\n\n(b) Designed such internal control over financial reporting, or caused such internal control over financial reporting to be designed under our supervision, to provide reasonable assurance regarding the reliability of financial reporting and the preparation of financial statements for external purposes in accordance with generally accepted accounting principles;\n\n(c) Evaluated the effectiveness of the Registrant’s disclosure controls and procedures and presented in this report our conclusions about the effectiveness of the disclosure controls and procedures, as of the end of the period covered by this report based on such evaluation; and\n\n(d) Disclosed in this report any change in the Registrant’s internal control over financial reporting that occurred during']","The Registrant's certifying officers are responsible for establishing and maintaining disclosure controls and procedures as well as internal control over financial reporting. They design these controls and procedures to ensure that material information is known to them by others within the organization, evaluate their effectiveness, and disclose any changes that may affect the internal control over financial reporting.",0.9999999999,1.0,0.9999999999,0.9940975338085708,0.9635565313421848,0.4908891328355462,1.0,0,0,1,1,1
Who is the Senior Vice President and Chief Financial Officer of Apple Inc.?,The Senior Vice President and Chief Financial Officer of Apple Inc. is Luca Maestri.,"[' by the undersigned, thereunto duly authorized.\n\nDate: November 2, 2023\n\nApple Inc.\n\nBy:\n\n/s/ Luca Maestri\n\nLuca Maestri\n\nSenior Vice President, Chief Financial Officer\n\nPower of Attorney\n\nKNOW ALL PERSONS BY THESE PRESENTS, that each person whose signature appears below constitutes and appoints Timothy D. Cook and Luca Maestri, jointly and severally, his or her attorneys-in-fact, each with the power of substitution, for him or her in any and all capacities, to sign any amendments to this Annual Report on Form 10-K, and to file the same, with exhibits thereto and other documents in connection therewith, with the Securities and Exchange Commission, hereby ratifying and confirming all that each of said attorneys-in-fact, or his substitute or substitutes, may do or cause to be done by virtue hereof.\n\nPursuant to the requirements of the Securities Exchange Act of 1934, this report has been signed below by the following persons on behalf of the Registrant and in the capacities and on the dates indicated:\n\nName\n\nTitle\n\nDate\n\n/s/ Timothy D. Cook TIMOTHY D. COOK\n\nChief Executive Officer and Director (Principal Executive Officer)\n\nNovember 2, 2023\n\n/s/ Luca Maestri LUCA MAESTRI\n\nSenior Vice President, Chief Financial Officer (Principal Financial Officer)\n\nNovember 2, 2023\n\n/s/ Chris Kondo CHRIS KONDO\n\nSenior Director of Corporate Accounting (Principal Accounting Officer)\n\nNovember 2, 2023\n\n/s/ James A. Bell JAMES A. BELL\n\nDirector\n\nNovember 2, 2023\n\n/s/ Al Gore AL GORE\n\nDirector\n\nNovember 2, 2023\n\n/s/ Alex Gorsky ALEX GORSKY\n\nDirector\n\nNovember 2, 2023\n\n/s/ Andrea Jung ANDREA JUNG\n\nDirector\n\nNovember 2, 2023\n\n/s/ Arthur D. Levinson ARTHUR D. LEVINSON\n\nDirector and Chair of the Board\n\nNovember 2, 2023\n\n/s/ Monica Lozano MONICA LOZANO\n\nDirector\n\nNovember 2, 2023\n\n/s/ Ronald D. Sugar RONALD D. SUGAR\n\nDirector\n\nNovember 2, 2023\n\n/s/ Susan L. Wagner SUSAN L. WAGNER\n\nDirector\n\nNovember 2, 2023\n\nApple Inc. | 2023 Form 10-K | 58\n\nExhibit 4.1\n\nDESCRIPTION OF THE REGISTRANT’S SECURITIES REGISTERED PURSUANT TO SECTION 12 OF THE SECURITIES EXCHANGE ACT OF 1934\n\nAs of September 30, 2023, Apple Inc. (“Apple” or the “Company”) had ten classes of securities registered\n\nunder Section 12 of the Securities Exchange Act of 1934, as amended (the “Exchange Act”): (i) Common Stock, $0.00001 par value per share (“Common Stock”); (ii) 1.375% Notes due 2024 (the “2024 Notes”); (iii) 0.000% Notes due 2025 (the “0.000% 2025 Notes”); (iv) 0.875% Notes due 2025 (the “0.875% 2025 Notes”); (v) 1.625% Notes due 2026 (the “2026 Notes”); (vi) 2.000% Notes due 2027 (the “2027 Notes”); (vii) 1.375% Notes due 2029 (the “1.375% 2029 Notes”); (viii) 3.050% Notes due 2029 (the “3.050% 2029 Notes”); (ix) 0.500% Notes due 2031 (the “2031 Notes”); and (x) 3.600% Notes due 2042 (the “2042 Notes,” and together with the 2024 Notes, the 0.000% 2025 Notes, the 0.875% 2025 Notes, the 2026 Notes, the 2027 Notes, the 1.375% 2029 Notes, the 3.050% 2029 Notes, and the 2031 Notes, the “Notes”). Each of the Company’s securities registered under Section 12 of the Exchange Act are listed on The Nasdaq Stock Market LLC.\n\nDESCRIPTION OF COMMON STOCK\n\nThe following is a description of the rights of Common Stock and related provisions of the Company’s']",Luca Maestri is the Senior Vice President and Chief Financial Officer of Apple Inc.,0.9999999999,1.0,0.9999999999,0.9999999999999999,0.977624285934712,0.994406071483678,1.0,0,0,1,1,1
What does Apple Inc. offer in terms of products?,"Apple Inc. offers a wide range of products and services, including:

1. **Hardware Products**: While specific hardware products are not detailed in the provided text, Apple is known for its devices such as iPhones, iPads, Mac computers, Apple Watches, and Apple TVs.

2. **Services**:
   - **Advertising Services**: This includes third-party licensing arrangements and Apple’s own advertising platforms.
   - **AppleCare**: A portfolio of fee-based service and support products providing technical support and repair services, along with coverage for accidental damage or theft.
   - **Cloud Services**: Services that store and keep customers' content up-to-date and available across multiple devices.
   - **Digital Content**: Platforms like the App Store for applications and digital content such as books, music, video, games, and podcasts. Subscription-based services include:
     - Apple Arcade® (gaming)
     - Apple Fitness+SM (fitness)
     - Apple Music® (music streaming)
     - Apple News+® (news and magazines)
     - Apple TV+® (original content and live sports)
   - **Payment Services**: Including Apple Card® (a co-branded credit card) and Apple Pay® (a cashless payment service).

These offerings are aimed at various customer segments, including consumers, small and mid-sized businesses, education, enterprise, and government markets.","['. Forward-looking statements are not guarantees of future performance and the Company’s actual results may differ significantly from the results discussed in the forward-looking statements. Factors that might cause such differences include, but are not limited to, those discussed in Part I, Item 1A of this Form 10-K under the heading “Risk Factors.” The Company assumes no obligation to revise or update any forward-looking statements for any reason, except as required by law.\n\nUnless otherwise stated, all information presented herein is based on the Company’s fiscal calendar, and references to particular years, quarters, months or periods refer to the Company’s fiscal years ended in September and the associated quarters, months and periods of those fiscal years. Each of the terms the “Company” and “Apple” as used herein refers collectively to Apple Inc. and its wholly owned subsidiaries, unless otherwise stated.\n\nPART I\n\nItem 1.\n\nBusiness\n\nCompany Background\n\nThe Company designs, manufactures and markets smartphones, personal computers, tablets, wearables and accessories, and sells a variety of related services. The Company’s fiscal year is the 52- or 53-week period that ends on the last Saturday of September.\n\nProducts\n\niPhone\n\niPhone® is the Company’s line of smartphones based on its iOS operating system. The iPhone line includes iPhone 15 Pro, iPhone 15, iPhone 14, iPhone 13 and iPhone SE®.\n\nMac\n\nMac® is the Company’s line of personal computers based on its macOS® operating system. The Mac line includes laptops MacBook Air® and MacBook Pro®, as well as desktops iMac®, Mac mini®, Mac Studio® and Mac Pro®.\n\niPad\n\niPad® is the Company’s line of multipurpose tablets based on its iPadOS® operating system. The iPad line includes iPad Pro®, iPad Air®, iPad and iPad mini®.\n\nWearables, Home and Accessories\n\nWearables includes smartwatches and wireless headphones. The Company’s line of smartwatches, based on its watchOS® operating system, includes Apple Watch Ultra™ 2, Apple Watch® Series 9 and Apple Watch SE®. The Company’s line of wireless headphones includes AirPods®, AirPods Pro®, AirPods Max™ and Beats® products.\n\nHome includes Apple TV®, the Company’s media streaming and gaming device based on its tvOS® operating system, and HomePod® and HomePod mini®, high-fidelity wireless smart speakers.\n\nAccessories includes Apple-branded and third-party accessories.\n\nApple Inc. | 2023 Form 10-K | 1\n\nServices\n\nAdvertising\n\nThe Company’s advertising services include third-party licensing arrangements and the Company’s own advertising platforms.\n\nAppleCare\n\nThe Company offers a portfolio of fee-based service and support products under the AppleCare® brand. The offerings provide priority access to Apple technical support, access to the global Apple authorized service network for repair and replacement services, and in many cases additional coverage for instances of accidental damage or theft and loss, depending on the country and type of product.\n\nCloud Services\n\nThe Company’s cloud services store and keep customers’ content up-to-date and available across multiple Apple devices and Windows personal computers.\n\nDigital Content\n\nThe Company operates various platforms, including the App Store®, that allow customers to discover and download applications and digital content, such as books, music, video, games and podcasts.\n\nThe Company also offers digital content through subscription-based services, including Apple Arcade®, a game subscription service; Apple Fitness+SM, a personalized fitness service; Apple Music®, which offers users a curated listening experience with on-demand radio stations; Apple News+®, a subscription news and magazine service; and Apple TV+®, which offers exclusive original content and live sports.\n\nPayment Services\n\nThe Company offers payment services, including Apple Card®, a co-branded credit card, and Apple Pay®, a cashless payment service.\n\nSegments\n\nThe Company manages its business primarily on a geographic basis. The Company’s reportable segments consist of the Americas, Europe, Greater China, Japan and Rest of Asia Pacific. Americas includes both North and South America. Europe includes European countries, as well as India, the Middle East and Africa. Greater China includes China mainland, Hong Kong and Taiwan. Rest of Asia Pacific includes Australia and those Asian countries not included in the Company’s other reportable segments. Although the reportable segments provide similar hardware and software products and similar services, each one is managed separately to better align with the location of the Company’s customers and distribution partners and the unique market dynamics of each geographic region.\n\nMarkets and Distribution\n\nThe Company’s customers are primarily in']","Apple Inc. offers a range of products including smartphones (iPhone line), personal computers (Mac line), tablets (iPad line), wearables (Apple Watch line, AirPods, etc.), smart speakers (HomePod), media streaming and gaming devices (Apple TV), and a variety of accessories.",0.9999999999,1.0,0.9999999999,0.9739420113371167,0.931552408947003,0.49759398458969195,0.8571428571428571,0,0,1,1,1
How does the Indenture impact debt securities issued by Apple Inc. and its governance structure and shareholder rights?,"The Indenture impacts the debt securities issued by Apple Inc. in several significant ways:

1. **Issuance Flexibility**: The Indentures allow Apple Inc. to issue debt securities from time to time in one or more series without limiting the total amount of debt securities that can be issued. This provides Apple with flexibility in managing its capital structure.

2. **Ranking of Securities**: Apple can issue additional debt securities that rank equally with existing securities of a series, which can affect the overall risk profile and yield of the securities.

3. **Modification Restrictions**: The Indentures include provisions that protect the rights of debt security holders. For example, certain actions cannot be taken without the consent of a specified percentage of holders, which helps to ensure that the interests of the debt holders are considered in corporate governance decisions.

4. **Rights of Holders**: The Indentures protect the rights of holders to enforce payment and outline the conditions under which modifications can be made. This includes the ability to institute suit for enforcement of payments and the requirement for a certain percentage of holders to consent to changes.

5. **Covenant Protections**: The Indentures include covenants that restrict certain actions by Apple that could adversely affect the rights of the debt holders, such as changes to payment terms or the ability to modify the Indenture itself without sufficient consent.

Overall, the Indenture establishes a governance framework for the debt securities that balances the interests of Apple Inc. with those of its debt holders, ensuring that shareholder rights are not adversely affected without due process and consent from the debt security holders.","[' years shares of Common Stock representing an aggregate of at least 3% of the Company’s outstanding shares of Common Stock, may nominate and include in the Company’s proxy materials director nominees constituting up to 20% of the Company’s Board of Directors, provided that the shareholder(s) and nominee(s) satisfy the requirements in the Bylaws;\n\n\n\ndo not provide for cumulative voting rights for the election of directors; and\n\n\n\nprovide that special meetings of the shareholders may only be called by (i) the Board of Directors, the Chair of the Board of Directors or the Chief Executive Officer or (ii) one or more holders of shares entitled to cast not less than ten percent (10%) of the votes on the record date established pursuant to the Company’s Bylaws, provided that the shareholder(s) satisfy requirements in the Bylaws.\n\nIn addition, as a California corporation, the Company is subject to the provisions of Section 1203 of the\n\nCalifornia General Corporation Law, which requires it to provide a fairness opinion to its shareholders in connection with their consideration of any proposed “interested party” reorganization transaction.\n\nListing\n\nThe Company’s Common Stock is listed on The Nasdaq Stock Market LLC under the trading symbol\n\n“AAPL.”\n\n2\n\nDESCRIPTION OF DEBT SECURITIES\n\nThe following description of the Notes is a summary and does not purport to be complete. This description is\n\nqualified in its entirety by reference, as applicable, to the Indenture, dated as of April 29, 2013, between Apple Inc. and The Bank of New York Mellon Trust Company, N.A., as trustee (the “2013 Indenture”) and the Indenture, dated as of November 5, 2018, between Apple Inc. and The Bank of New York Mellon Trust Company, N.A., as trustee (the “2018 Indenture,” and together with the 2013 Indenture, the “Indentures”). References in this section to the “Company,” “us,” “we” and “our” are solely to Apple Inc. and not to any of its subsidiaries, unless the context requires otherwise.\n\nThe Notes\n\nEach of the Notes were issued under the applicable Indenture, which provides that debt securities may be\n\nissued under such Indenture from time to time in one or more series. The Indentures and the Notes are governed by, and construed in accordance with, the laws of the State of New York. The Indentures do not limit the amount of debt securities that we may issue thereunder. We may, without the consent of the holders of the debt securities of any series, issue additional debt securities ranking equally with, and otherwise similar in all respects to, the debt securities of the series (except for the date of issuance, the date interest begins to accrue and, in certain circumstances, the first interest payment date) so that those additional debt securities will be consolidated and form a single series with the debt securities of the series previously offered and sold; provided, however, that any additional debt securities will have a separate ISIN number unless certain conditions are met.\n\nThe 2024 Notes\n\nWe issued €1,000,000,000 aggregate principal amount of the 2024 Notes on September 17, 2015. The\n\nmaturity date of the 2024 Notes is January 17, 2024, and interest at a rate of 1.375% per annum is paid annually on January 17 of each year, beginning on January 17, 2016, and on the maturity date. As of October 20, 2023, €1,000,000,000 aggregate principal amount of the 2024 Notes was outstanding.\n\nThe 0.000% 2025 Notes\n\nWe issued €1,000,000,000 aggregate principal amount of the 0.000% 2025 Notes on November 15, 2019.\n\nThe maturity date of the 0.000% 2025 Notes is November 15, 2025, and interest at a rate of 0.000% per annum is paid annually on November 15 of each year, beginning on November 15, 2020, and on the maturity date. As of October 20, 2023, €1,000,000,000 aggregate principal amount of the 0.000% 2025 Notes was outstanding.\n\nThe 0.875% 2025 Notes\n\nWe issued €1,250,000,000 aggregate principal amount of the 0.875% 2025 Notes on May 24, 2017. The\n\nmaturity date of the 0.875% 2025 Notes is May 24, 2025, and interest at a rate of 0.875% per annum is paid annually on May 24 of each year, beginning on May 24, 2018, and on the maturity date. As of October 20, 2023, €1,250,000,000 aggregate principal amount']","The Indenture impacts debt securities issued by Apple Inc. by providing that debt securities may be issued under the Indenture from time to time in one or more series. The Indentures and the Notes are governed by the laws of the State of New York. The Indentures do not limit the amount of debt securities that may be issued. Apple Inc. may issue additional debt securities without the consent of holders of any series, which will rank equally with existing debt securities of the series. The Indenture also specifies the terms of the debt securities, including the interest rate, maturity date, and payment schedule. In terms of governance structure and shareholder rights, the Indenture does not directly impact these aspects, as it primarily governs the issuance and terms of debt securities.",0.9999999999,1.0,0.9999999999,0.9593165252086576,0.9668702709812049,0.6583842344119679,0.1111111111111111,0,0,1,1,1
How do auditors ensure financial reporting reliability despite tax uncertainties and misstatements in audits?,"Auditors ensure financial reporting reliability despite tax uncertainties and potential misstatements by implementing a series of audit procedures and controls. According to the information provided, the auditors:

1. **Test Controls**: They test controls related to the evaluation of uncertain tax positions, which includes assessing management’s judgment on whether tax positions are more likely than not to be sustained.

2. **Evaluate Management’s Assumptions**: Auditors read and evaluate management’s assumptions and analyses regarding uncertain tax positions and review communications with taxing authorities that detail the basis and technical merits of these positions.

3. **Involve Subject Matter Experts**: They involve tax subject matter resources to assess the technical merits of certain tax positions based on relevant tax laws and experience with taxing authorities.

4. **Obtain External Confirmations**: For certain tax positions, auditors may receive confirmation letters from external legal counsel and discuss matters with external advisors and the company’s tax personnel.

5. **Evaluate Disclosures**: They evaluate the company’s disclosures related to tax positions to ensure they are adequate and comply with accounting standards.

These steps are part of a broader framework that includes internal controls over financial reporting, which aim to provide reasonable assurance regarding the accuracy and fairness of financial statements. However, it is acknowledged that internal controls have inherent limitations and may not always prevent or detect misstatements.","[' our audits in accordance with the standards of the PCAOB. Those standards require that we plan and perform the audit to obtain reasonable assurance about whether the financial statements are free of material misstatement, whether due to error or fraud. Our audits included performing procedures to assess the risks of material misstatement of the financial statements, whether due to error or fraud, and performing procedures that respond to those risks. Such procedures included examining, on a test basis, evidence regarding the amounts and disclosures in the financial statements. Our audits also included evaluating the accounting principles used and significant estimates made by management, as well as evaluating the overall presentation of the financial statements. We believe that our audits provide a reasonable basis for our opinion.\n\nCritical Audit Matter\n\nThe critical audit matter communicated below is a matter arising from the current period audit of the financial statements that was communicated or required to be communicated to the audit committee and that: (1) relates to accounts or disclosures that are material to the financial statements and (2) involved our especially challenging, subjective, or complex judgments. The communication of the critical audit matter does not alter in any way our opinion on the financial statements, taken as a whole, and we are not, by communicating the critical audit matter below, providing a separate opinion on the critical audit matter or on the account or disclosure to which it relates.\n\nUncertain Tax Positions\n\nDescription of the Matter\n\nAs discussed in Note 7 to the financial statements, Apple Inc. is subject to taxation and files income tax returns in the U.S. federal jurisdiction and many state and foreign jurisdictions. As of September 30, 2023, the total amount of gross unrecognized tax benefits was $19.5 billion, of which $9.5 billion, if recognized, would impact Apple Inc.’s effective tax rate. In accounting for some of the uncertain tax positions, Apple Inc. uses significant judgment in the interpretation and application of complex domestic and international tax laws.\n\nAuditing management’s evaluation of whether an uncertain tax position is more likely than not to be sustained and the measurement of the benefit of various tax positions can be complex, involves significant judgment, and is based on interpretations of tax laws and legal rulings.\n\nApple Inc. | 2023 Form 10-K | 49\n\nHow We Addressed the Matter in Our Audit\n\nWe tested controls relating to the evaluation of uncertain tax positions, including controls over management’s assessment as to whether tax positions are more likely than not to be sustained, management’s process to measure the benefit of its tax positions, and the development of the related disclosures.\n\nTo evaluate Apple Inc.’s assessment of which tax positions are more likely than not to be sustained, our audit procedures included, among others, reading and evaluating management’s assumptions and analysis, and, as applicable, Apple Inc.’s communications with taxing authorities, that detailed the basis and technical merits of the uncertain tax positions. We involved our tax subject matter resources in assessing the technical merits of certain of Apple Inc.’s tax positions based on our knowledge of relevant tax laws and experience with related taxing authorities. For certain tax positions, we also received external legal counsel confirmation letters and discussed the matters with external advisors and Apple Inc. tax personnel. In addition, we evaluated Apple Inc.’s disclosure in relation to these matters included in Note 7 to the financial statements.\n\n/s/ Ernst & Young LLP\n\nWe have served as Apple Inc.’s auditor since 2009.\n\nSan Jose, California November 2, 2023\n\nApple Inc. | 2023 Form 10-K | 50\n\nReport of Independent Registered Public Accounting Firm\n\nTo the Shareholders and the Board of Directors of Apple Inc.\n\nOpinion on Internal Control Over Financial Reporting\n\nWe have audited Apple Inc.’s internal control over financial reporting as of September 30, 2023, based on criteria established in Internal Control – Integrated Framework issued by the Committee of Sponsoring Organizations of the Treadway Commission (2013 framework) (the “COSO criteria”). In our opinion, Apple Inc. maintained, in all material respects, effective internal control over financial reporting as of September 30, 2023, based on the COSO criteria.\n\nWe also have audited, in accordance with the standards of the Public Company Accounting Oversight Board (United States) (the “PCAOB”), the consolidated balance sheets of Apple Inc. as of September 30, 2023 and September 24, 2022, the related consolidated statements of operations, comprehensive income, shareholders’ equity and cash flows for each of the three years in the period ended September 30, 2023, and the related notes and our report dated November 2, 2023 expressed an unqualified opinion thereon.\n\nBasis for Opinion\n\nApple Inc.’s management is responsible for maintaining effective internal control over financial reporting, and for its assessment of the']","Auditors ensure financial reporting reliability despite tax uncertainties and misstatements in audits by conducting audits in accordance with PCAOB standards. These standards require auditors to plan and perform audits to obtain reasonable assurance about whether financial statements are free of material misstatement due to error or fraud. Auditors assess risks of material misstatement, evaluate accounting principles and estimates, and examine evidence regarding amounts and disclosures in financial statements. Additionally, auditors address critical audit matters, such as uncertain tax positions, by testing controls, evaluating management's assessment of tax positions, and involving tax subject matter resources to assess technical merits based on relevant tax laws and experience with taxing authorities.",0.9999999999,1.0,0.9999999999,0.9882240829214933,0.9331454019826969,0.6332863504956743,0.5714285714285714,0,0,1,1,1
"What specific obligations does the Company have regarding sensitive information, such as health data, financial data, and biometric data, under applicable laws?","The Company has specific obligations regarding sensitive information, such as health data, financial data, and biometric data, under applicable laws. These obligations include:

1. **Privacy, Security, and Breach Notification Requirements**: Health data and financial data are subject to additional privacy and security regulations, as well as requirements for breach notifications.

2. **Compliance Audits**: The Company is subject to audits by governmental authorities to ensure compliance with these obligations.

3. **Legal Liability**: Failure to comply with these rules can lead to litigation, government investigations, and significant legal liability, including investigatory expenses and fines.

4. **Handling of Sensitive Data**: If health data or financial data is mishandled in violation of applicable laws or agreements with healthcare or financial institutions, the Company could face severe consequences.

5. **Payment Card Data**: Payment card data also has specific requirements, and failure to follow industry standards can result in liability for investigatory expenses and significant fees or fines.

Overall, the Company must navigate complex and evolving laws and regulations related to the collection, use, retention, security, and transfer of sensitive personal information, which can incur substantial costs and impact business practices.","[' and legal and regulatory requirements. The Company expects to make further business changes in the future, including as a result of legislative initiatives impacting the App Store, such as the EU Digital Markets Act, which the Company is required to comply with by March 2024, or similar laws in other jurisdictions. Changes have included how developers communicate with consumers outside the App Store regarding alternative purchasing mechanisms. Future changes could also affect what the Company charges developers for access to its platforms, how it manages distribution of apps outside of the App Store, and how and to what extent it allows developers to communicate with consumers inside the App Store regarding alternative purchasing mechanisms.\n\nApple Inc. | 2023 Form 10-K | 13\n\nThe Company is also currently subject to antitrust investigations in various jurisdictions around the world, which can result in legal proceedings and claims against the Company that could, individually or in the aggregate, have a materially adverse impact on the Company’s business, results of operations and financial condition. For example, the Company is the subject of investigations in Europe and other jurisdictions relating to App Store terms and conditions. If such investigations result in adverse findings against the Company, the Company could be exposed to significant fines and may be required to make changes to its App Store business, all of which could materially adversely affect the Company’s business, results of operations and financial condition. The Company is also subject to litigation relating to the App Store, which has resulted in changes to the Company’s business practices, and may in the future result in further changes.\n\nFurther, the Company has commercial relationships with other companies in the technology industry that are or may become subject to investigations and litigation that, if resolved against those other companies, could materially adversely affect the Company’s commercial relationships with those business partners and materially adversely affect the Company’s business, results of operations and financial condition. For example, the Company earns revenue from licensing arrangements with other companies to offer their search services on the Company’s platforms and applications, and certain of these arrangements are currently subject to government investigations and legal proceedings.\n\nThere can be no assurance the Company’s business will not be materially adversely affected, individually or in the aggregate, by the outcomes of such investigations, litigation or changes to laws and regulations in the future. Changes to the Company’s business practices to comply with new laws and regulations or in connection with other legal proceedings could negatively impact the reputation of the Company’s products for privacy and security and otherwise adversely affect the experience for users of the Company’s products and services, and result in harm to the Company’s reputation, loss of competitive advantage, poor market acceptance, reduced demand for products and services, and lost sales.\n\nThe Company’s business is subject to a variety of U.S. and international laws, rules, policies and other obligations regarding data protection.\n\nThe Company is subject to an increasing number of federal, state and international laws relating to the collection, use, retention, security and transfer of various types of personal information. In many cases, these laws apply not only to third-party transactions, but also restrict transfers of personal information among the Company and its international subsidiaries. Several jurisdictions have passed laws in this area, and additional jurisdictions are considering imposing additional restrictions or have laws that are pending. These laws continue to develop and may be inconsistent from jurisdiction to jurisdiction. Complying with emerging and changing requirements causes the Company to incur substantial costs and has required and may in the future require the Company to change its business practices. Noncompliance could result in significant penalties or legal liability.\n\nThe Company makes statements about its use and disclosure of personal information through its privacy policy, information provided on its website, press statements and other privacy notices provided to customers. Any failure by the Company to comply with these public statements or with other federal, state or international privacy or data protection laws and regulations could result in inquiries or proceedings against the Company by governmental entities or others. In addition to reputational impacts, penalties could include ongoing audit requirements and significant legal liability.\n\nIn addition to the risks generally relating to the collection, use, retention, security and transfer of personal information, the Company is also subject to specific obligations relating to information considered sensitive under applicable laws, such as health data, financial data and biometric data. Health data and financial data are subject to additional privacy, security and breach notification requirements, and the Company is subject to audit by governmental authorities regarding the Company’s compliance with these obligations. If the Company fails to adequately comply with these rules and requirements, or if health data or financial data is handled in a manner not permitted by law or under the Company’s agreements with healthcare or financial institutions, the Company can be subject to litigation or government investigations, and can be liable for associated investigatory expenses, and can also incur significant fees or fines.\n\nPayment card data is also subject to additional requirements. Under payment card rules and obligations, if cardholder information is potentially compromised, the Company can be liable']","The Company is subject to specific obligations relating to information considered sensitive under applicable laws, such as health data, financial data, and biometric data. Health data and financial data are subject to additional privacy, security, and breach notification requirements. The Company is also subject to audit by governmental authorities regarding compliance with these obligations. Failure to comply can result in litigation, government investigations, investigatory expenses, fees, and fines.",0.9999999999,1.0,0.9999999999,0.9639865555635144,0.9705111097591475,0.7226224591972857,1.0,0,0,1,1,1
